Number,Name
0,crypt0x_0
1,_kiyosh1
2,C2Silver
3,3driccc
4,HotTrash4Me
5,antlionai
6,SixBangs
7,tortyl
8,KharCapital
9,tumaro1001
10,SparkysTech
11,seloesque
12,aryanzutshi12
13,DaveyJ_
14,Fleurdelysvr
15,andrewcyu
16,Real_Aayush_16
17,0xAsuran
18,giffmana
19,K19Unknown
20,ULTRAMAGlC
21,tunahorse21
22,specialkdelslay
23,MickeySteamboat
24,MartyMansion
25,cantfwaditya
26,CC_CHRXVTIAN
27,whatRanjuSaid
28,__scribe_
29,shiroakabanii
30,hankdog30
31,EcomBeckett
32,warptux
33,RossComputerGuy
34,midx34
35,icodeagents
36,atulit_gaur
37,deephivex
38,vincit_amore
39,Joey_FS
40,DevrajJhaDJ
41,original_ngv
42,p_e_cooper
43,0kBaton
44,GhostxSalmon
45,0x45o
46,Fazzulouss52098
47,supercollider_x
48,0xRafaa
49,lightmagician_
50,dreamworks2050
51,haydendevs
52,airkatakana
53,focusvector
54,souravbaghz
55,VapourMafia
56,TheKingOfStank
57,TruckerKun
58,rejex_visions
59,1miloac
60,akshatbuilds
61,SincereMickey
62,AugustusMorgen
63,0xJirachi
64,Antwon_Kreed
65,danielmerja
66,waozixyz
67,saintsintter
68,huhshal
69,StartupLover69
70,scheminglunatic
71,HSVSphere
72,dotproductt
73,DBug0o
74,HP_NoobCraft
75,StillTypeWritin
76,Q_wacko
77,tawnniee
78,NainKiriti
79,finiteopencover
80,MommaOcco
81,rigottaluv
82,p0lar_fawn
83,bussypounder999
84,_eosyn
85,MMatt14
86,miao_xAI
87,NyanpasuKA
88,carlosfpg88
89,furt_tech
90,bikatr7
91,j4snoor_pannu
92,lead_itis
93,zekramu
94,YokoLittie
95,soham_btw
96,lefycodes
97,0xLiamCodes
98,PaulBN
99,damnGruz
100,k_flowstate
101,salty_grndpa
102,thembeddevguy
103,BohemianHacks
104,xor_a_b
105,mufaro_dev
106,gonzalezharry3
107,kaxutx
108,t3ylar
109,notgion
110,NSArrayofstdvec
111,Nor_a_Wanderer
112,_im_sigh_
113,Observer_ofyou
114,momorail
115,kianindeed
116,Craine_Workshop
117,iamtank_
118,uwu_underground
119,meltenx
120,ExorcismoAiArt
121,Macbaconai
122,Kyrannio
123,YSuperset
124,BillysGonzales
125,DREAMLANDSLEEEP
126,auxillarybody
127,_imdawon
128,5bitcube
129,compuficial
130,Yastrzab
131,twingregs69420
132,temidaradev
133,ramxcodes
134,__Zill4__
135,crosstensor
136,AcemodiusVT
137,TushitGargg
138,weizixyz
139,pickle41968
140,NarwhalChannel
141,FleekFuturist
142,gohashira
143,bossBDT
144,0xPBIT
145,kovis0
146,dishantwt_
147,atomicbyte_
148,deswartaj
149,_rajtwt
150,fimbiy
151,JonathanHeindl
152,opaeoh
153,ProsaicVoyager
154,shivangitwt
155,imredraskovits
156,voltycodes
157,EthanKaelDev
158,crodaar
159,teflontraphouse
160,old_crone_code
161,pixxechan
162,chayyaps
163,raiku_dev
164,BurnZeZ
165,Shplops
166,rmotafreitas
167,kaiostephens
168,raiko_star
169,shydev69
170,Clever_Loon
171,DatBoiCracked
172,emon_whatever
173,mickyxblicky
174,arkephi
175,vyrixo
176,Akhu176
177,ikkikikikiik
178,mindworm666
179,BeautyInTheMyre
180,soundproofcell
181,DaSchizoDoc
182,ciscoparadox
183,truebloodlover
184,CursedGuneal
185,frjulienlaurent
186,astraphiliaa
187,lawofcons
188,tolly_xyz
189,alightinastorm
190,archibaldxiv
191,h4ckibl3
192,singularitttt
193,insertcleveridk
194,jocadbz
195,EthanBThoma
196,krishk317
197,aaravkataria_
198,thestonechat
199,BoredSoloDev
200,agamemnus_dev
201,SURFAC3LEVEL
202,Oxymoron290
203,loveofdoing
204,OddsIsOnline
205,mrdavidnemo
206,AndersonAndrue
207,CL207
208,yacineMTB
209,ThuleanFuturist
210,NewAgeRetroNerd
211,0xIlyy
212,ludwigABAP
213,beeldcoin
214,peach2k2
215,LukasHozda
216,peach2k2
217,IterIntellectus
218,gnukeith
219,giyu_codes
220,skydotcs
221,minamisatokun
222,SagevsBabylon
223,0xKyon
224,_trish_xD
225,1owroller
226,seatedro
227,MelkeyDev
228,MLSophist
229,qtnx_
230,forloopcodes
231,yifever
232,melqtx
233,brandbydan
234,namedobject
235,jaivinwylde
236,iaminfinil
237,loftwah
238,strwbcom
239,boneGPT
240,EsotericCofe
241,4ster_light
242,noahgsolomon
243,icanvardar
244,WaifuverseAI
245,n0w00j
246,Rafa_Schwinger
247,hibakod
248,justalexoki
249,thatsallfrens
250,djcows
251,wagieweeb
252,theo
253,yikoshi
254,Sarabjeet___
255,goodalmanack
256,bozohar
257,loek_sn
258,kusonooyasumi
259,CrystalWolke
260,_diginova
261,iGotHakusHALP
262,pistol_mauser
263,wbic16
264,itsnoahd
265,F_Botha_USA
266,illyasReal
267,rthomasv3
268,prthgo
269,0x_p_k
270,huexi_
271,SeekingAMonarch
272,interpattern
273,WadeGrimridge
274,GreenXboxSeries
275,aaryantwt
276,basedkuromiboi
277,7c8082
278,Paulywhirl
279,IceSolst
280,Temujinsrule
281,jvboid
282,t3hSurge
283,x100Barron
284,googoogreg04729
285,pyschonoice
286,ikrauchunas
287,Fennex628
288,lemonogata
289,itsss_chidu
290,amdkits
291,nicdunz
292,acreciti
293,vishyfishy2
294,therealmck3nzie
295,Nandekore84
296,alpaysh
297,poop_poup
298,verrsane
299,ArpinGarre66002
300,stinkgen
301,DrSatoshiN
302,0x466161
303,ericlewisplease
304,thechillbruv
305,jetblack_ninja
306,fetch_name
307,lucid_bound
308,girlremembers
309,pr0me
310,Hermitual
311,Burnzzz0
312,ohhmii
313,QuantumFekT
314,fizzyhiii
315,22yonking2
